{"flutter":{"platforms":{"android":{"default":{"projectId":"tienda-local-flutter-2024","appId":"1:631967077015:android:83bc2350bb136a3f748fd2","fileOutput":"android/app/google-services.json"}},"dart":{"lib/firebase_options.dart":{"projectId":"tienda-local-flutter-2024","configurations":{"android":"1:631967077015:android:83bc2350bb136a3f748fd2","ios":"1:631967077015:ios:d59d1e5cd730e163748fd2","macos":"1:631967077015:ios:d59d1e5cd730e163748fd2","web":"1:631967077015:web:d97b2923c8a01fb2748fd2","windows":"1:631967077015:web:5460e5b1c5135204748fd2"}}}}}}